3,C0,S1,C1,9,11
6,C0,S20,C2,32,25
37,C0,S20,C2,121,61
9,C0,S20,C2,35,19
10,C0,S20,C2,36,37
1,C0,S21,C1,37,1
11,C0,S10,C1,42,1
2,C0,S1,C1,5,9
13,C0,S20,C2,49,2
14,C0,S20,C2,50,143
15,C0,S20,C2,51,8
16,C0,S20,C2,52,115
38,C0,S20,C2,122,57
36,C0,S20,C2,120,240
42,C0,S20,C2,126,112
17,C0,S20,C2,53,35
1,C0,S1,C1,1,10
21,C0,S26,C3,61,26
318,C0,S1195,C3,6245,1
22,C0,S27,C3,65,515
191,C0,S27,C3,412,546
196,C0,S27,C3,446,100
195,C0,S27,C3,443,83
21,C0,S27,C3,62,346
193,C0,S27,C3,424,393
194,C0,S27,C3,432,320
27,C0,S27,C3,83,279
326,C0,S27,C3,700,41
23,C0,S27,C3,70,764
192,C0,S27,C3,417,325
26,C0,S27,C3,80,207
28,C0,S27,C3,88,254
29,C0,S27,C3,92,67
319,C0,S27,C3,670,115
318,C0,S27,C3,665,57
21,C0,S28,C3,63,57
22,C0,S28,C3,67,69
23,C0,S691,C3,4615,3
1334,C0,S269,C12,2210,913
1343,C0,S269,C12,2225,759
1345,C0,S269,C12,2230,976
1774,C0,S269,C12,3344,720
1336,C0,S269,C12,2212,630
23,C0,S28,C3,69,77
1333,C0,S269,C12,2209,816
1348,C0,S269,C12,2239,692
1347,C0,S269,C12,2237,1464
1342,C0,S269,C12,2224,500
22,C0,S26,C3,66,44
26,C0,S28,C3,108,25
193,C0,S28,C3,429,72
23,C0,S39,C3,114,1
930,C0,S194,C16,1679,6
28,C0,S26,C3,164,22
25,C0,S27,C3,77,46
317,C0,S27,C3,663,40
318,C0,S28,C3,691,13
319,C0,S28,C3,681,19
31,C0,S27,C3,96,58
192,C0,S28,C3,419,37
31,C0,S28,C3,97,18
28,C0,S28,C3,86,40
24,C0,S27,C3,72,24
194,C0,S28,C3,437,38
196,C0,S28,C3,447,13
317,C0,S28,C3,2405,7
27,C0,S28,C3,84,34
195,C0,S28,C3,894,16
191,C0,S28,C3,414,99
26,C0,S1047,C3,7760,1
320,C0,S27,C3,672,76
26,C0,S31,C3,81,1
28,C0,S31,C3,4369,8
27,C0,S29,C3,5433,3
30,C0,S27,C3,95,5
25,C0,S36,C3,102,1
28,C0,S444,C3,4611,1
29,C0,S28,C3,103,4
32,C0,S27,C3,104,91
26,C0,S26,C3,109,17
1337,C0,S269,C12,2214,656
25,C0,S26,C3,75,14
25,C0,S28,C3,78,8
25,C0,S140,C3,4688,1
23,C0,S26,C3,111,66
23,C0,S782,C3,4901,2
22,C0,S540,C3,3712,4
193,C0,S38,C3,3717,4
193,C0,S61,C3,2994,3
23,C0,S38,C3,113,2
23,C0,S405,C3,2906,1
320,C0,S34,C3,676,1
23,C0,S609,C3,4017,1
23,C0,S1319,C3,6606,1
192,C0,S26,C3,418,30
192,C0,S46,C3,4015,4
191,C0,S668,C3,4439,1
23,C0,S40,C3,115,2
23,C0,S97,C3,422,10
33,C0,S20,C2,117,19
34,C0,S20,C2,118,26
39,C0,S20,C2,123,31
45,C0,S20,C2,129,125
49,C0,S44,C2,134,124
64,C0,S44,C2,149,81
430,C0,S44,C2,852,142
491,C0,S44,C2,914,43
382,C0,S44,C2,801,18
1508,C0,S44,C2,2919,22
1879,C0,S44,C2,3698,1
50,C0,S44,C2,135,923
418,C0,S44,C2,840,162
1090,C46,S246,C2,1880,19
608,C0,S130,C2,1128,72
53,C0,S44,C2,138,18
56,C0,S44,C2,141,57
105,C0,S44,C2,233,124
469,C0,S44,C2,891,16
61,C0,S44,C2,146,180
57,C0,S44,C2,142,184
426,C0,S44,C2,848,247
389,C0,S44,C2,808,834
467,C0,S44,C2,889,172
447,C0,S44,C2,869,21
62,C0,S44,C2,147,29
65,C0,S44,C2,150,24
66,C0,S44,C2,151,25
67,C0,S44,C2,152,30
68,C0,S44,C2,153,23
69,C0,S44,C2,154,72
72,C0,S44,C2,157,68
73,C0,S44,C2,158,50
27,C0,S26,C3,85,35
193,C0,S26,C3,427,26
28,C0,S61,C3,5676,1
193,C0,S985,C3,5658,1
28,C0,S48,C3,166,1
26,C0,S41,C3,4870,1
30,C0,S28,C3,167,5
177,C0,S51,C3,359,15
85,C0,S51,C3,186,2
89,C0,S57,C5,199,73
89,C0,S137,C5,768,3
155,C0,S49,C3,314,4
177,C0,S52,C3,2519,7
85,C0,S52,C3,2657,2
99,C0,S51,C3,221,1
303,C0,S131,C5,623,97
304,C0,S131,C5,5825,1
304,C0,S57,C5,2390,1
308,C0,S57,C5,632,49
22,C0,S405,C3,3697,1
333,C0,S42,C4,715,174
193,C0,S405,C3,4880,2
103,C0,S44,C2,231,315
1633,C62,S461,C2,3178,847
104,C0,S44,C2,232,3
471,C0,S44,C2,893,89
106,C0,S44,C2,234,273
108,C2,S62,C7,236,68
108,C2,S63,C7,237,272
117,C2,S63,C7,248,209
257,C7,S63,C7,562,78
118,C2,S62,C7,251,78
118,C2,S63,C7,250,309
109,C2,S62,C7,238,101
109,C2,S63,C7,239,444
548,C7,S63,C7,1036,16
116,C2,S63,C7,247,197
216,C2,S63,C7,486,280
1286,C0,S259,C10,2144,45
438,C0,S44,C2,860,377
431,C0,S44,C2,853,63
419,C0,S44,C2,841,51
482,C0,S44,C2,905,56
74,C0,S44,C2,159,302
411,C0,S44,C2,833,39
109,C2,S64,C7,1101,38
216,C2,S64,C7,488,31
513,C9,S62,C7,2913,2
262,C3,S63,C7,570,52
216,C2,S62,C7,487,69
530,C10,S63,C7,1001,13
535,C11,S63,C7,1006,19
528,C10,S63,C7,998,51
526,C10,S63,C7,995,19
513,C9,S63,C7,964,30
256,C7,S63,C7,561,26
508,C8,S63,C7,959,17
116,C2,S62,C7,1102,54
525,C10,S63,C7,993,30
529,C10,S63,C7,999,64
524,C10,S63,C7,991,24
258,C7,S62,C7,1035,10
550,C13,S62,C7,1040,12
550,C13,S63,C7,1041,50
1886,C12,S63,C7,3727,1
536,C11,S63,C7,1008,20
529,C10,S62,C7,1000,4
509,C8,S63,C7,960,16
765,C36,S198,C7,1331,190
789,C36,S198,C7,1377,198
1505,C8,S62,C7,3737,3
218,C3,S63,C7,490,10
560,C13,S63,C7,1051,12
516,C9,S63,C7,969,12
551,C14,S63,C7,1042,32
512,C9,S63,C7,963,20
566,C17,S63,C7,1060,2
117,C2,S62,C7,249,54
514,C7,S63,C7,966,6
119,C0,S20,C2,253,76
120,C0,S20,C2,254,10
121,C0,S1,C1,255,16
121,C0,S9,C1,257,1
124,C0,S68,C2,266,28
126,C0,S68,C2,268,3
16,C0,S68,C2,270,15
128,C0,S68,C2,272,38
129,C0,S68,C2,273,17
133,C0,S68,C2,277,68
134,C0,S68,C2,278,8
136,C0,S68,C2,280,8
137,C0,S68,C2,281,14
140,C0,S68,C2,284,4
135,C0,S68,C2,279,27
123,C0,S68,C2,265,18
146,C0,S68,C2,291,8
149,C0,S68,C2,294,11
150,C0,S68,C2,295,16
151,C0,S70,C8,297,739
151,C0,S69,C8,296,264
151,C0,S71,C8,298,12
151,C0,S74,C8,302,3
153,C0,S69,C8,305,11
153,C0,S70,C8,306,28
154,C0,S50,C3,307,1
155,C0,S52,C3,313,9
155,C0,S51,C3,310,10
101,C0,S975,C3,6737,1
75,C0,S51,C3,318,5
75,C0,S52,C3,317,1
152,C0,S70,C8,304,14
122,C0,S1,C1,264,4
161,C0,S68,C2,335,26
162,C0,S68,C2,336,41
84,C0,S52,C3,2611,1
189,C0,S51,C3,2419,4
176,C0,S52,C3,357,3
177,C0,S49,C3,3985,3
102,C0,S50,C3,407,3
190,C0,S52,C3,410,3
90,C0,S51,C3,203,2
191,C0,S26,C3,415,29
191,C0,S1199,C3,6252,1
1767,C0,S269,C12,3331,825
29,C0,S26,C3,90,6
24,C0,S28,C3,2902,3
192,C0,S101,C3,430,1
194,C0,S26,C3,433,30
192,C0,S61,C3,434,2
192,C0,S96,C3,421,2
191,C0,S1362,C3,6744,1
192,C0,S102,C3,435,2
191,C0,S46,C3,440,3
191,C0,S403,C3,2728,1
191,C0,S989,C3,5663,1
194,C0,S29,C3,2831,2
198,C0,S110,C9,453,334
582,C0,S111,C9,1088,5
200,C0,S110,C9,458,1669
199,C0,S110,C9,456,571
199,C0,S111,C9,457,69
209,C0,S111,C9,473,24
209,C0,S110,C9,474,354
200,C0,S111,C9,459,84
203,C0,S110,C9,462,58
212,C0,S110,C9,477,143
208,C0,S113,C10,469,633
215,C0,S113,C10,483,414
215,C0,S114,C10,482,213
208,C0,S114,C10,471,208
254,C0,S114,C10,558,60
254,C0,S113,C10,557,115
249,C0,S110,C9,547,84
1074,C0,S243,C9,1862,739
618,C0,S130,C2,1139,28
638,C0,S182,C2,1163,95
626,C0,S182,C2,1147,69
1196,C0,S259,C10,2011,181
438,C0,S182,C2,1201,49
630,C0,S182,C2,1151,45
671,C0,S182,C2,1202,37
215,C0,S115,C10,484,20
384,C0,S44,C2,803,154
374,C0,S44,C2,793,222
460,C0,S44,C2,882,139
292,C0,S130,C2,609,155
735,C0,S130,C2,1273,102
637,C0,S182,C2,1162,45
250,C0,S113,C10,549,118
639,C0,S182,C2,1164,70
205,C0,S113,C10,465,23
208,C0,S115,C10,470,23
447,C0,S182,C2,1160,16
1170,C0,S259,C10,1979,122
1217,C0,S259,C10,2040,125
1724,C63,S461,C2,3278,370
295,C0,S115,C10,5251,1
722,C0,S130,C2,1259,110
404,C0,S44,C2,824,313
1011,C0,S44,C2,1782,99
1332,C0,S269,C12,2206,1601
1957,C0,S44,C2,4124,28
1245,C0,S259,C10,2086,54
1220,C0,S259,C10,2045,156
217,C3,S63,C7,489,14
217,C3,S62,C7,4042,2
108,C2,S64,C7,246,24
528,C10,S62,C7,997,3
510,C8,S63,C7,961,10
258,C7,S63,C7,563,31
226,C4,S63,C7,514,5
1557,C12,S63,C7,3061,4
1884,C18,S63,C7,3724,6
559,C12,S63,C7,1050,4
257,C7,S62,C7,2916,12
219,C0,S119,C7,492,58
519,C0,S119,C7,973,6
219,C0,S118,C7,491,20
823,C36,S198,C7,1442,194
219,C0,S121,C7,495,2
824,C37,S198,C7,1451,216
237,C0,S119,C7,531,1
539,C0,S118,C7,1013,1
220,C0,S119,C7,498,1
501,C0,S121,C7,936,1
502,C0,S118,C7,941,2
238,C0,S119,C7,532,12
249,C0,S111,C9,546,3
210,C0,S111,C9,2847,1
239,C0,S110,C9,533,48
244,C0,S110,C9,541,94
1055,C0,S243,C9,1839,1383
1055,C0,S244,C9,1840,71
198,C0,S111,C9,454,13
295,C0,S114,C10,614,9
250,C0,S114,C10,550,47
253,C0,S113,C10,555,59
255,C0,S113,C10,559,11
116,C2,S64,C7,1103,15
117,C2,S64,C7,3019,12
518,C7,S62,C7,3024,2
532,C11,S63,C7,1003,30
118,C2,S64,C7,252,32
550,C13,S64,C7,3765,7
257,C7,S64,C7,2917,6
262,C3,S64,C7,4565,4
548,C7,S62,C7,1037,4
530,C10,S62,C7,2925,4
218,C3,S62,C7,2922,5
259,C3,S64,C7,2929,2
259,C3,S62,C7,565,5
260,C3,S63,C7,566,5
1505,C8,S63,C7,2911,13
251,C0,S113,C10,552,136
251,C0,S114,C10,553,77
269,C0,S113,C10,584,26
253,C0,S114,C10,556,20
272,C0,S113,C10,589,10
269,C0,S114,C10,585,12
287,C0,S130,C2,604,18
604,C0,S130,C2,1124,126
376,C0,S44,C2,795,82
451,C0,S44,C2,873,43
1569,C0,S130,C2,3110,1
294,C0,S113,C10,611,60
314,C0,S27,C3,655,16
315,C0,S27,C3,658,48
315,C0,S28,C3,2387,12
21,C0,S582,C3,3931,1
321,C0,S145,C4,677,17
322,C0,S27,C3,682,19
320,C0,S28,C3,687,13
325,C0,S27,C3,696,17
197,C0,S27,C3,449,9
327,C0,S27,C3,705,21
329,C0,S42,C4,711,49
330,C0,S42,C4,712,5
331,C0,S42,C4,713,38
332,C0,S42,C4,714,4
336,C0,S42,C4,720,8
321,C0,S42,C4,678,76
337,C0,S20,C2,723,21
1369,C0,S20,C2,2339,19
339,C0,S20,C2,725,22
341,C0,S20,C2,727,49
342,C0,S153,C11,731,31
355,C0,S153,C11,753,1
1872,C0,S153,C11,3621,2
1448,C0,S153,C11,2661,2
2339,C0,S153,C11,6645,1
353,C0,S153,C11,750,1
678,C34,S183,C14,1209,126
168,C0,S51,C3,5338,1
363,C0,S51,C3,2655,4
303,C0,S57,C5,625,1
372,C0,S44,C2,791,4
373,C0,S44,C2,792,67
375,C0,S44,C2,794,63
386,C0,S44,C2,805,224
448,C0,S44,C2,870,129
413,C0,S44,C2,835,2
378,C0,S44,C2,797,10
1503,C0,S44,C2,2908,5
392,C0,S44,C2,811,13
380,C0,S44,C2,799,17
381,C0,S44,C2,800,90
387,C0,S44,C2,806,27
390,C0,S44,C2,809,141
391,C0,S44,C2,810,17
395,C0,S44,C2,814,170
396,C0,S44,C2,816,133
398,C0,S44,C2,818,11
401,C0,S44,C2,821,9
493,C0,S44,C2,916,35
485,C0,S44,C2,908,54
400,C0,S44,C2,820,45
402,C0,S44,C2,822,28
403,C0,S44,C2,823,36
962,C0,S44,C2,1730,58
483,C0,S44,C2,906,18
993,C0,S44,C2,1763,235
956,C0,S44,C2,1724,19
991,C0,S44,C2,1761,60
992,C0,S44,C2,1762,27
405,C0,S44,C2,825,145
980,C0,S44,C2,1750,88
459,C0,S44,C2,881,61
423,C0,S44,C2,845,357
429,C0,S44,C2,851,128
975,C0,S44,C2,1745,108
422,C0,S44,C2,844,148
408,C0,S44,C2,830,86
989,C0,S44,C2,1759,33
984,C0,S44,C2,1754,31
34,C0,S44,C2,826,23
163,C0,S44,C2,828,38
474,C0,S44,C2,897,28
407,C0,S44,C2,829,233
478,C0,S44,C2,901,69
409,C0,S44,C2,831,56
414,C0,S44,C2,836,8
416,C0,S44,C2,838,11
477,C0,S44,C2,900,22
1516,C0,S44,C2,2938,8
1646,C0,S20,C2,6366,1
425,C0,S44,C2,847,92
959,C0,S44,C2,1727,21
1912,C0,S44,C2,3877,5
428,C0,S44,C2,850,35
113,C0,S44,C2,243,13
433,C0,S44,C2,855,38
439,C0,S44,C2,861,92
111,C0,S44,C2,241,13
450,C0,S44,C2,872,18
388,C0,S44,C2,807,43
453,C0,S44,C2,875,3
456,C0,S44,C2,878,45
468,C0,S44,C2,890,54
457,C0,S44,C2,879,7
484,C0,S44,C2,907,12
1512,C0,S44,C2,2934,6
1697,C64,S461,C2,3248,29
470,C0,S44,C2,892,4
476,C0,S44,C2,899,36
479,C0,S44,C2,902,31
486,C0,S44,C2,909,47
110,C0,S44,C2,240,34
490,C0,S44,C2,913,39
1344,C0,S269,C12,2228,521
492,C0,S44,C2,915,8
397,C0,S44,C2,817,10
502,C0,S119,C7,939,5
238,C0,S118,C7,1026,6
503,C0,S170,C7,2882,1
523,C0,S118,C7,988,2
572,C0,S119,C7,1067,2
523,C0,S1091,C7,5981,1
503,C0,S119,C7,942,1
573,C0,S119,C7,1076,2
801,C0,S188,C15,1394,294
884,C0,S188,C15,1587,501
511,C8,S63,C7,962,11
513,C9,S64,C7,965,2
519,C0,S121,C7,975,1
527,C8,S63,C7,996,10
571,C18,S62,C7,1065,1
534,C11,S63,C7,1005,2
570,C18,S63,C7,1064,7
1884,C18,S62,C7,5184,2
577,C21,S63,C7,1080,6
579,C22,S64,C7,1082,1
583,C0,S111,C9,1089,4
583,C0,S110,C9,1090,9
1059,C0,S243,C9,1846,16
1297,C0,S243,C9,2159,15
1478,C0,S111,C9,2809,1
582,C0,S110,C9,1087,16
1297,C0,S244,C9,3380,3
1059,C0,S244,C9,2184,2
1045,C0,S243,C9,1823,9
245,C0,S110,C9,2844,3
1298,C0,S243,C9,2160,29
245,C0,S111,C9,542,1
212,C0,S111,C9,478,2
1053,C0,S243,C9,1836,80
1478,C0,S110,C9,2810,4
596,C0,S179,C3,1115,1
726,C0,S130,C2,1263,151
734,C0,S130,C2,1272,61
430,C0,S130,C2,1265,115
615,C0,S130,C2,1136,7
605,C0,S130,C2,1125,53
606,C0,S130,C2,1126,130
607,C0,S130,C2,1127,162
38,C0,S130,C2,1132,43
291,C0,S130,C2,608,53
611,C0,S130,C2,1131,22
723,C0,S130,C2,1260,10
609,C0,S130,C2,1129,35
612,C0,S130,C2,1133,54
614,C0,S130,C2,1135,40
623,C0,S182,C2,1144,121
625,C0,S182,C2,1146,73
628,C0,S182,C2,1149,21
629,C0,S182,C2,1150,53
627,C0,S182,C2,1148,33
636,C0,S182,C2,1161,52
635,C0,S182,C2,1159,4
633,C0,S42,C4,1155,307
633,C0,S151,C4,1157,16
633,C0,S145,C4,1156,75
650,C0,S182,C2,1180,106
721,C0,S42,C4,1257,30
333,C0,S145,C4,716,29
633,C0,S235,C4,1682,1
719,C0,S42,C4,1253,57
719,C0,S1289,C4,6559,1
720,C0,S42,C4,1255,38
640,C0,S42,C4,1167,24
645,C25,S183,C14,1175,21
646,C26,S183,C14,1176,49
867,C28,S183,C14,1559,227
715,C26,S183,C14,1248,203
869,C26,S183,C14,1562,89
648,C23,S183,C14,1178,95
649,C0,S182,C2,1179,13
652,C28,S183,C14,1182,59
653,C28,S183,C14,1183,33
812,C28,S183,C14,1422,39
655,C29,S183,C14,1185,2
656,C30,S183,C14,1186,3
661,C23,S184,C14,1191,1
667,C24,S183,C14,1197,10
634,C0,S182,C2,1158,1
672,C25,S183,C14,1203,7
674,C33,S183,C14,1205,21
675,C25,S183,C14,1206,11
676,C25,S183,C14,1207,27
682,C25,S183,C14,1214,19
677,C34,S183,C14,1208,96
679,C34,S183,C14,1210,102
680,C34,S183,C14,1211,47
683,C25,S183,C14,1215,25
657,C27,S183,C14,1187,82
686,C25,S183,C14,1218,11
685,C25,S183,C14,1217,29
647,C27,S183,C14,1177,27
695,C30,S183,C14,1228,5
696,C27,S183,C14,1229,31
690,C30,S183,C14,1223,15
681,C34,S183,C14,1212,30
697,C23,S183,C14,1230,137
698,C31,S183,C14,1231,23
699,C31,S183,C14,1232,10
663,C31,S183,C14,1193,1
1446,C23,S183,C14,2641,5
701,C31,S183,C14,1234,4
704,C23,S183,C14,1237,85
707,C33,S183,C14,1240,4
708,C33,S183,C14,1241,16
643,C23,S183,C14,1173,97
46,C0,S42,C4,130,18
633,C0,S146,C4,1166,17
719,C0,S145,C4,1258,15
1535,C0,S130,C2,2958,25
725,C0,S130,C2,1262,36
724,C0,S130,C2,1261,90
727,C0,S130,C2,1264,33
732,C0,S130,C2,1270,44
736,C0,S188,C15,1274,521
736,C0,S189,C15,1275,188
738,C0,S193,C2,1281,546
739,C0,S193,C2,1282,83
781,C0,S193,C2,1369,50
740,C0,S193,C2,1283,8
757,C0,S193,C2,1303,60
787,C0,S193,C2,1375,26
767,C0,S193,C2,1339,15
741,C0,S193,C2,1284,9
742,C0,S193,C2,1285,31
750,C0,S193,C2,1296,40
751,C0,S193,C2,1297,88
759,C35,S197,C7,1306,18
759,C35,S200,C7,1309,7
760,C35,S199,C7,1312,75
759,C35,S198,C7,1307,243
760,C35,S198,C7,1311,209
764,C36,S198,C7,1327,104
836,C37,S198,C7,1501,9
761,C36,S198,C7,1316,387
759,C35,S201,C7,1310,18
759,C35,S199,C7,1308,62
789,C36,S201,C7,1414,6
829,C40,S199,C7,1527,160
761,C36,S199,C7,1317,220
871,C40,S199,C7,1567,31
789,C36,S199,C7,1410,121
829,C40,S198,C7,1467,205
763,C35,S198,C7,1325,56
761,C36,S200,C7,1318,25
859,C38,S197,C7,2766,3
789,C36,S200,C7,1378,9
864,C38,S199,C7,1554,67
824,C37,S199,C7,1455,112
762,C36,S198,C7,1320,148
824,C37,S202,C7,1457,13
837,C37,S198,C7,1490,39
765,C36,S197,C7,1448,27
761,C36,S197,C7,1409,76
873,C42,S198,C7,1571,14
849,C42,S199,C7,1517,7
871,C40,S197,C7,1568,8
829,C40,S197,C7,2753,14
765,C36,S199,C7,1332,131
789,C36,S197,C7,1412,31
833,C39,S199,C7,1480,29
835,C39,S199,C7,2757,8
837,C37,S197,C7,1489,10
864,C38,S198,C7,1553,97
858,C38,S197,C7,1538,3
762,C36,S199,C7,1319,64
762,C36,S200,C7,1322,10
823,C36,S199,C7,1443,99
762,C36,S197,C7,1321,22
762,C36,S201,C7,1323,5
823,C36,S201,C7,1445,9
765,C36,S202,C7,1447,13
858,C38,S199,C7,1537,21
840,C38,S198,C7,1497,19
852,C38,S200,C7,2332,2
764,C36,S199,C7,1328,70
851,C39,S199,C7,2331,5
763,C35,S197,C7,3832,1
764,C36,S202,C7,1329,12
840,C38,S199,C7,2325,10
763,C35,S199,C7,1336,10
766,C35,S198,C7,1338,163
769,C0,S193,C2,1341,51
774,C0,S194,C16,1349,6
777,C0,S196,C16,1358,3
782,C0,S193,C2,1370,169
783,C0,S193,C2,1371,120
784,C0,S193,C2,1372,360
785,C0,S193,C2,1373,26
852,C38,S198,C7,1523,66
833,C39,S198,C7,1477,61
825,C38,S198,C7,1458,36
860,C38,S198,C7,1544,30
833,C39,S202,C7,1525,5
861,C38,S198,C7,1545,21
823,C36,S197,C7,1444,20
831,C37,S198,C7,1471,69
858,C38,S198,C7,1536,61
832,C41,S198,C7,1476,28
790,C0,S193,C2,1380,7
791,C0,S193,C2,1381,16
788,C0,S193,C2,1376,80
795,C0,S193,C2,1385,49
799,C0,S193,C2,1389,150
800,C0,S188,C15,1391,200
802,C0,S188,C15,1398,352
737,C0,S188,C15,1278,34
800,C0,S189,C15,1392,79
804,C0,S188,C15,1403,201
890,C0,S189,C15,1601,6
891,C0,S188,C15,1603,32
886,C0,S188,C15,1591,164
893,C0,S188,C15,1607,36
887,C0,S188,C15,1594,52
885,C0,S188,C15,1588,160
805,C0,S188,C15,1405,131
894,C0,S188,C15,1613,10
895,C0,S188,C15,1615,46
896,C0,S188,C15,1618,16
888,C0,S188,C15,1596,85
890,C0,S188,C15,1599,26
736,C0,S190,C15,1276,16
804,C0,S189,C15,1404,58
802,C0,S189,C15,1397,122
802,C0,S190,C15,1399,12
651,C0,S182,C2,1181,14
859,C38,S198,C7,1542,43
825,C38,S199,C7,1486,32
857,C43,S198,C7,2765,7
824,C37,S200,C7,2744,11
759,C35,S202,C7,4770,5
823,C36,S200,C7,3502,6
829,C40,S202,C7,1526,6
826,C39,S200,C7,1461,5
826,C39,S198,C7,1460,44
826,C39,S199,C7,1459,21
765,C36,S201,C7,1564,9
858,C38,S201,C7,1539,3
871,C40,S198,C7,1566,57
831,C37,S199,C7,1474,21
766,C35,S197,C7,2250,7
859,C38,S202,C7,1541,1
766,C35,S202,C7,4778,2
830,C37,S198,C7,1470,30
807,C26,S183,C14,1415,133
806,C26,S183,C14,1408,191
811,C26,S183,C14,1421,52
668,C27,S183,C14,1198,74
814,C25,S183,C14,1424,4
1278,C0,S259,C10,2135,207
1182,C0,S259,C10,1994,174
687,C25,S183,C14,1219,31
688,C30,S183,C14,1221,8
694,C30,S183,C14,1227,7
817,C34,S183,C14,1430,10
818,C34,S183,C14,1431,22
670,C28,S183,C14,1200,31
657,C27,S184,C14,1437,1
766,C35,S199,C7,1439,85
856,C43,S198,C7,1534,8
763,C35,S201,C7,2274,2
828,C40,S198,C7,1465,13
764,C36,S197,C7,1440,8
764,C36,S200,C7,2248,2
849,C42,S197,C7,1518,2
828,C40,S199,C7,2751,13
855,C43,S199,C7,1530,11
856,C43,S199,C7,1533,9
840,C38,S200,C7,1498,2
761,C36,S201,C7,2267,13
865,C42,S198,C7,1557,5
828,C40,S200,C7,2750,4
849,C42,S198,C7,1519,15
837,C37,S199,C7,1491,15
857,C43,S199,C7,1535,5
848,C41,S198,C7,1515,13
832,C41,S202,C7,6532,2
859,C38,S199,C7,1543,18
836,C37,S199,C7,1487,18
789,C36,S1276,C7,6521,1
832,C41,S199,C7,1514,20
833,C39,S481,C7,7156,1
824,C37,S201,C7,1452,7
829,C40,S200,C7,1468,8
851,C39,S198,C7,1522,6
835,C39,S198,C7,1484,7
834,C40,S202,C7,1483,1
825,C38,S197,C7,1485,12
852,C38,S199,C7,1524,34
852,C38,S197,C7,3816,7
838,C37,S202,C7,1493,1
830,C37,S202,C7,1494,1
631,C0,S182,C2,1153,3
1377,C0,S182,C2,2384,9
336,C0,S145,C4,721,8
336,C0,S221,C4,1505,1
640,C0,S145,C4,1168,5
845,C26,S183,C14,1510,97
846,C34,S183,C14,1511,2
847,C34,S183,C14,1512,81
850,C41,S198,C7,1521,5
850,C41,S201,C7,3547,2
871,C40,S201,C7,3504,5
853,C43,S198,C7,1528,1
861,C38,S199,C7,1547,6
940,C0,S237,C17,1698,2710
864,C38,S200,C7,1555,2
864,C38,S197,C7,3826,8
1466,C43,S198,C7,2764,6
862,C38,S199,C7,4767,5
868,C28,S183,C14,1561,167
831,C37,S197,C7,2328,4
765,C36,S220,C7,4925,1
829,C40,S201,C7,1565,9
764,C36,S201,C7,1330,3
872,C42,S199,C7,1569,7
873,C42,S199,C7,1572,9
1367,C39,S198,C7,2333,5
878,C44,S199,C7,1578,5
864,C38,S202,C7,1582,3
808,C26,S183,C14,1416,40
882,C28,S183,C14,1584,60
884,C0,S189,C15,1586,160
885,C0,S189,C15,1589,48
801,C0,S189,C15,1395,99
886,C0,S189,C15,1592,51
886,C0,S190,C15,1593,6
888,C0,S189,C15,1597,37
884,C0,S801,C15,6481,1
893,C0,S189,C15,1609,18
884,C0,S191,C15,1611,1
895,C0,S190,C15,1617,4
884,C0,S190,C15,1610,6
718,C25,S183,C14,1251,14
895,C0,S189,C15,1616,11
805,C0,S189,C15,1406,24
911,C0,S194,C16,3524,1
758,C0,S194,C16,1367,5
770,C0,S194,C16,1343,30
743,C0,S208,C16,4796,3
930,C0,S231,C16,1678,1
780,C0,S229,C16,5459,3
774,C0,S229,C16,6074,1
931,C0,S194,C16,2318,6
642,C0,S42,C4,1171,6
329,C0,S145,C4,1172,17
942,C0,S237,C17,1704,333
1339,C0,S269,C12,2218,416
941,C0,S237,C17,1702,100
948,C0,S237,C17,1715,374
974,C0,S237,C17,1743,67
1340,C0,S269,C12,2219,1105
943,C0,S237,C17,1705,21
946,C0,S237,C17,1711,298
1341,C0,S269,C12,2222,521
1759,C0,S269,C12,3322,549
1335,C0,S269,C12,2211,616
947,C0,S237,C17,1713,251
1338,C0,S269,C12,2215,1107
720,C0,S145,C4,2413,7
27,C0,S1651,C3,7540,1
333,C0,S146,C4,1503,1
43,C0,S20,C2,127,28
41,C0,S20,C2,125,27
163,C0,S20,C2,1688,6
934,C0,S236,C2,1691,53
935,C0,S236,C2,1692,105
936,C0,S236,C2,1693,21
938,C0,S236,C2,1695,19
940,C0,S237,C18,1700,1
949,C0,S237,C17,1716,15
940,C0,S238,C17,1699,40
1135,C60,S250,C17,1931,266
1759,C0,S272,C12,4064,3
946,C0,S130,C17,5512,1
945,C0,S237,C17,1709,70
950,C0,S237,C17,1717,125
1000,C0,S237,C17,1771,7
952,C0,S44,C2,1720,105
955,C0,S44,C2,1723,33
1790,C0,S44,C2,3365,33
953,C0,S44,C2,1721,102
968,C0,S44,C2,1737,61
624,C0,S182,C2,1145,19
954,C0,S44,C2,1722,11
1644,C63,S461,C2,3191,395
958,C0,S44,C2,1726,33
960,C0,S44,C2,1728,149
961,C0,S44,C2,1729,132
979,C0,S44,C2,1749,41
963,C0,S44,C2,1731,364
999,C0,S237,C17,1769,8
970,C0,S44,C2,1739,2
971,C0,S44,C2,1740,14
1785,C0,S44,C2,3360,16
972,C0,S44,C2,1741,3
973,C0,S44,C2,1742,8
977,C0,S44,C2,1747,147
978,C0,S44,C2,1748,27
982,C0,S44,C2,1752,13
997,C0,S44,C2,1767,25
986,C0,S44,C2,1756,19
987,C0,S44,C2,1757,3
2248,C0,S44,C2,5553,1
981,C0,S44,C2,1751,31
994,C0,S44,C2,1764,36
996,C0,S44,C2,1766,20
998,C0,S44,C2,1768,8
940,C0,S240,C17,1708,5
1222,C0,S263,C17,2050,9
1001,C0,S44,C2,1772,173
1079,C0,S44,C2,1869,63
1016,C0,S44,C2,1787,70
1012,C0,S44,C2,1783,272
1002,C0,S44,C2,1773,89
1003,C0,S44,C2,1774,34
1005,C0,S44,C2,1776,62
1007,C0,S44,C2,1778,129
1008,C0,S44,C2,1779,165
1009,C0,S44,C2,1780,23
1013,C0,S44,C2,1784,48
447,C63,S461,C2,3161,84
1070,C0,S44,C2,1857,136
1010,C0,S44,C2,1781,22
1017,C0,S236,C2,1788,14
1021,C0,S236,C2,1792,33
1022,C0,S236,C2,1793,10
1025,C0,S113,C10,1797,22
942,C0,S238,C17,1770,6
1034,C0,S113,C10,1809,1
1046,C0,S243,C9,1824,23
1073,C0,S243,C9,1860,366
1302,C0,S243,C9,2165,195
1056,C0,S243,C9,1842,157
1074,C0,S244,C9,1863,37
1293,C0,S243,C9,2154,234
1300,C0,S243,C9,2162,69
1292,C0,S243,C9,2153,33
1048,C0,S243,C9,1827,71
1072,C0,S243,C9,1859,70
1296,C0,S243,C9,3383,3
1052,C0,S243,C9,1834,26
1057,C0,S243,C9,1844,7
1047,C0,S243,C9,1826,153
1052,C0,S244,C9,1835,2
1301,C0,S243,C9,2163,219
1058,C0,S243,C9,1845,64
1075,C0,S243,C9,1864,23
1048,C0,S244,C9,1828,4
1060,C0,S243,C9,1847,14
1061,C0,S243,C9,1848,16
1294,C0,S243,C9,2156,10
1295,C0,S243,C9,2157,2
1063,C0,S44,C2,1850,185
1064,C0,S44,C2,1851,1
1065,C0,S44,C2,1852,118
1066,C0,S44,C2,1853,100
1067,C0,S44,C2,1854,49
1068,C0,S44,C2,1855,75
1073,C0,S1466,C9,7029,1
1073,C0,S244,C9,1861,9
1302,C0,S244,C9,2166,11
1076,C0,S44,C2,1866,48
1078,C0,S44,C2,1868,58
1081,C0,S44,C2,1871,20
438,C0,S248,C10,2073,462
1082,C0,S44,C2,1872,36
1083,C0,S44,C2,1873,36
1085,C0,S44,C2,1875,90
1084,C0,S44,C2,1874,120
1086,C45,S246,C2,1876,28
1088,C46,S246,C2,1878,34
1089,C47,S246,C2,1879,79
1108,C47,S246,C2,3335,13
1091,C47,S246,C2,1881,20
1092,C48,S246,C2,1882,25
1094,C49,S246,C2,1884,71
1099,C47,S246,C2,1889,27
1095,C48,S246,C2,1885,8
1096,C48,S246,C2,1886,58
1097,C50,S246,C2,1887,6
1098,C50,S246,C2,1888,142
1120,C58,S246,C2,1911,13
1100,C47,S246,C2,1890,29
1102,C53,S246,C2,1893,3
1105,C54,S246,C2,1896,20
1110,C47,S246,C2,1901,6
1112,C47,S246,C2,1903,33
1087,C45,S246,C2,1877,24
1113,C47,S246,C2,1904,2
1117,C47,S246,C2,1908,55
1119,C57,S246,C2,1910,11
1121,C57,S246,C2,1912,82
1109,C46,S246,C2,1900,26
292,C57,S246,C2,1913,38
1122,C57,S246,C2,1914,53
1129,C51,S246,C2,1921,10
1130,C0,S248,C10,1922,146
1131,C0,S248,C10,1924,66
1166,C0,S248,C10,1975,77
1132,C60,S250,C17,1926,161
1141,C60,S250,C17,1942,41
1133,C60,S250,C17,1927,281
1136,C60,S250,C17,1933,93
1137,C60,S250,C17,1934,75
1203,C61,S250,C17,2020,8
1206,C61,S250,C17,2023,39
1201,C61,S250,C17,2018,4
1205,C61,S250,C17,2022,11
1812,C61,S865,C17,5234,1
1209,C61,S250,C17,2026,5
1202,C61,S250,C17,2019,1
1138,C60,S250,C17,1936,99
1812,C61,S250,C17,3402,6
2322,C61,S250,C17,6359,1
1207,C61,S250,C17,2024,1
1208,C61,S250,C17,2025,1
1134,C60,S250,C17,1930,10
1139,C60,S250,C17,1938,30
1140,C60,S250,C17,1941,6
632,C0,S248,C10,1943,169
1142,C0,S248,C10,1945,81
1143,C0,S248,C10,1946,28
1144,C0,S248,C10,1947,110
1145,C0,S255,C19,1948,157
1256,C0,S255,C19,2099,68
1269,C0,S255,C19,2122,69
1146,C0,S255,C19,1952,105
1145,C0,S256,C19,1949,86
1272,C0,S255,C19,2126,20
1271,C0,S255,C19,2125,48
1146,C0,S256,C19,1953,57
1266,C0,S255,C19,2115,79
1273,C0,S255,C19,2129,37
1266,C0,S256,C19,2116,34
1257,C0,S255,C19,2102,69
1273,C0,S256,C19,2130,9
1147,C0,S255,C19,1954,33
1214,C0,S256,C19,2035,25
1211,C0,S256,C19,2029,27
1259,C0,S256,C19,2107,10
1259,C0,S255,C19,2106,20
1148,C0,S256,C19,1956,14
1150,C0,S258,C2,1958,4
1155,C0,S258,C2,1963,42
1157,C0,S258,C2,1965,90
1154,C0,S258,C2,1962,96
1321,C0,S258,C2,2195,205
1275,C0,S258,C2,2132,195
1260,C0,S258,C2,2108,120
1158,C0,S258,C2,1966,126
1319,C0,S258,C2,2193,206
1153,C0,S258,C2,1961,75
1320,C0,S258,C2,2194,26
1318,C0,S258,C2,2192,102
1159,C0,S259,C10,1967,215
1200,C0,S259,C10,2017,167
1197,C0,S259,C10,2013,947
1160,C0,S260,C10,1968,1
1160,C0,S259,C10,4114,2
1163,C0,S248,C10,1971,139
1232,C0,S248,C10,2065,51
1164,C0,S248,C10,1973,98
1168,C0,S259,C10,1977,30
1169,C0,S259,C10,1978,24
1171,C0,S259,C10,1980,45
1162,C0,S259,C10,1982,15
1173,C0,S259,C10,1983,32
1175,C0,S259,C10,1985,12
1176,C0,S259,C10,1986,24
1178,C0,S259,C10,1989,14
1180,C0,S259,C10,1992,11
1276,C0,S259,C10,2133,15
1182,C0,S260,C10,1995,10
1184,C0,S258,C2,1997,13
1185,C0,S258,C2,1998,18
1186,C0,S258,C2,1999,15
1324,C0,S258,C2,2198,151
1322,C0,S258,C2,2196,24
1191,C0,S258,C2,2004,53
1188,C0,S258,C2,2001,9
1192,C0,S259,C10,2005,28
1193,C0,S259,C10,2006,60
1194,C0,S259,C10,2007,92
1161,C0,S259,C10,1969,40
1195,C0,S259,C10,2009,106
1197,C0,S260,C10,2014,49
1247,C0,S259,C10,2090,118
2076,C0,S259,C10,4493,6
1162,C0,S260,C10,5241,1
1283,C0,S259,C10,2140,8
1179,C0,S259,C10,1991,43
1198,C0,S259,C10,2015,6
1200,C0,S260,C10,2176,5
1211,C0,S255,C19,2030,124
1257,C0,S256,C19,2101,45
1256,C0,S256,C19,2100,30
1268,C0,S256,C19,4147,4
1148,C0,S255,C19,1955,30
1212,C0,S256,C19,2031,10
1214,C0,S255,C19,2034,95
1215,C0,S255,C19,2037,55
1212,C0,S255,C19,2032,33
1217,C0,S260,C10,2041,5
1218,C0,S259,C10,2042,14
1219,C0,S260,C10,2043,2
1219,C0,S259,C10,2044,15
1220,C0,S260,C10,3461,17
1223,C0,S259,C10,2053,21
1227,C0,S259,C10,2057,4
1228,C0,S259,C10,2059,6
1231,C0,S249,C10,2064,9
1233,C0,S248,C10,2066,201
1234,C0,S248,C10,2069,16
1235,C0,S248,C10,2070,24
1130,C0,S249,C10,1923,5
438,C0,S249,C10,2074,25
1648,C63,S461,C2,3195,232
1237,C0,S259,C10,2075,129
1307,C0,S259,C10,2173,24
1239,C0,S259,C10,2077,3
1242,C0,S259,C10,2080,131
1243,C0,S259,C10,2082,23
1244,C0,S259,C10,2084,13
1242,C0,S260,C10,2089,9
1249,C0,S259,C10,2092,15
1251,C0,S259,C10,2094,9
1285,C0,S259,C10,2142,11
1253,C0,S259,C10,2096,5
1271,C0,S256,C19,2124,31
1215,C0,S256,C19,3457,18
1267,C0,S256,C19,2118,17
1269,C0,S256,C19,2121,48
1265,C0,S256,C19,2114,11
1270,C0,S255,C19,2123,40
1258,C0,S255,C19,2104,28
1264,C0,S258,C2,2112,38
1261,C0,S258,C2,2109,12
1151,C0,S258,C2,1959,5
1265,C0,S255,C19,2113,31
1267,C0,S255,C19,2117,57
1258,C0,S256,C19,4145,11
1272,C0,S256,C19,2127,8
1277,C0,S259,C10,2134,9
1289,C0,S259,C10,2148,50
1279,C0,S259,C10,2136,11
1280,C0,S259,C10,2137,27
1281,C0,S259,C10,2138,9
1282,C0,S259,C10,2139,7
1286,C0,S260,C10,2145,2
1287,C0,S259,C10,2146,30
1245,C0,S260,C10,3473,3
1291,C0,S259,C10,2150,14
1241,C0,S259,C10,3452,55
1303,C0,S259,C10,2167,63
1306,C0,S259,C10,2172,19
1822,C0,S259,C10,5024,13
1308,C0,S259,C10,2174,23
1305,C0,S259,C10,2171,11
1309,C0,S259,C10,2177,13
1311,C0,S259,C10,2179,28
1313,C0,S259,C10,2181,12
1247,C0,S260,C10,2182,2
1831,C0,S248,C10,3442,11
1325,C0,S236,C2,2199,44
1327,C0,S236,C2,2201,20
1328,C0,S236,C2,2202,11
1345,C0,S273,C12,4188,2
1343,C0,S273,C12,5156,1
1344,C0,S273,C12,7557,1
1346,C0,S269,C12,2233,680
1335,C0,S272,C12,2213,3
1337,C0,S270,C12,2217,5
1342,C0,S273,C12,7269,1
1343,C0,S272,C12,2227,2
1344,C0,S274,C12,2232,1
1345,C0,S270,C12,2231,11
1338,C0,S270,C12,4191,7
1338,C0,S272,C12,2216,2
1767,C0,S270,C12,3340,10
1340,C0,S272,C12,2236,7
1774,C0,S272,C12,3345,5
1341,C0,S272,C12,4961,6
1334,C0,S272,C12,6331,5
1348,C0,S270,C12,2241,7
1348,C0,S277,C12,2240,1
449,C0,S44,C2,871,4
669,C28,S183,C14,1199,26
754,C0,S193,C2,1300,1
1350,C0,S193,C2,2244,22
871,C40,S200,C7,3503,3
762,C36,S202,C7,2272,2
765,C36,S200,C7,2251,5
805,C0,S190,C15,1623,3
777,C0,S283,C16,2259,1
780,C0,S283,C16,2258,2
1365,C0,S194,C16,3807,1
780,C0,S194,C16,1366,12
780,C0,S208,C16,5795,1
912,C0,S231,C16,1648,1
743,C0,S285,C16,2261,1
745,C0,S194,C16,1290,6
746,C0,S194,C16,2264,1
792,C0,S193,C2,1382,9
859,C38,S200,C7,1540,3
831,C37,S201,C7,1473,6
766,C35,S201,C7,1337,6
826,C39,S202,C7,3835,3
852,C38,S214,C7,3819,1
888,C0,S190,C15,2275,2
897,C0,S188,C15,1620,12
906,C0,S225,C4,1639,1
919,C0,S194,C16,2304,1
918,C0,S194,C16,1662,1
930,C0,S196,C16,3498,1
915,C0,S194,C16,2311,2
794,C0,S193,C2,1384,8
931,C0,S229,C16,2319,1
931,C0,S283,C16,4907,2
931,C0,S1342,C16,7210,1
908,C0,S194,C16,2320,1
838,C37,S198,C7,1492,10
848,C41,S199,C7,2329,8
850,C41,S199,C7,6704,2
1367,C39,S199,C7,5111,6
1367,C39,S197,C7,5606,1
1367,C39,S200,C7,6571,1
760,C35,S197,C7,1314,11
340,C0,S20,C2,726,24
4,C0,S1,C1,18,25
5,C0,S20,C2,31,11
8,C0,S20,C2,34,32
19,C0,S20,C2,56,16
1,C0,S8,C1,54,1
692,C30,S183,C14,1225,9
709,C33,S183,C14,1242,7
810,C34,S183,C14,1419,22
716,C25,S183,C14,1249,29
331,C0,S145,C4,1683,9
310,C0,S131,C5,638,1
323,C0,S27,C3,688,19
327,C0,S28,C3,2410,3
356,C0,S153,C11,754,1
151,C0,S327,C8,2435,7
100,C0,S51,C3,223,2
102,C0,S52,C3,226,3
85,C0,S49,C3,2449,2
86,C0,S49,C3,190,1
87,C0,S52,C3,194,1
86,C0,S50,C3,4428,1
151,C0,S80,C8,340,3
151,C0,S354,C8,2593,5
151,C0,S91,C8,400,1
156,C0,S70,C8,319,9
127,C0,S68,C2,269,29
62,C0,S68,C2,271,14
131,C0,S68,C2,275,22
132,C0,S68,C2,276,18
141,C0,S68,C2,285,12
142,C0,S68,C2,286,33
163,C0,S68,C2,337,21
164,C0,S68,C2,338,15
1394,C0,S68,C2,2485,5
1399,C0,S68,C2,2492,3
145,C0,S68,C2,290,29
181,C0,S51,C3,3934,4
170,C0,S51,C3,2511,1
182,C0,S49,C3,3583,2
184,C0,S52,C3,4425,2
1409,C24,S183,C14,2522,2
641,C0,S145,C4,1170,1
329,C0,S151,C4,2385,3
760,C35,S200,C7,2270,4
1413,C24,S183,C14,2528,2
1376,C30,S183,C14,2382,4
2194,C0,S20,C2,5133,1
909,C0,S342,C16,6687,1
929,C0,S194,C16,2553,3
798,C0,S193,C2,1388,2
797,C0,S193,C2,1387,8
705,C23,S183,C14,1238,6
1425,C25,S183,C14,2558,12
839,C37,S198,C7,2324,7
836,C37,S197,C7,2326,6
838,C37,S199,C7,2563,8
823,C36,S202,C7,4295,3
333,C0,S151,C4,1504,5
1393,C0,S68,C2,2484,5
1392,C0,S68,C2,2482,6
1396,C0,S68,C2,2489,10
144,C0,S68,C2,288,11
115,C0,S68,C2,289,12
1433,C0,S68,C2,2590,14
1435,C0,S68,C2,2592,5
151,C0,S356,C8,2595,1
1436,C0,S20,C2,2600,4
2,C0,S10,C1,25,1
151,C0,S585,C8,3935,1
86,C0,S52,C3,5654,1
154,C0,S51,C3,2521,3
176,C0,S53,C3,2629,1
179,C0,S51,C3,3581,1
363,C0,S50,C3,2654,2
1445,C0,S145,C4,2633,5
47,C0,S42,C4,131,10
363,C0,S49,C3,2441,1
303,C0,S135,C5,639,5
303,C0,S369,C5,2666,4
368,C0,S566,C5,3862,2
308,C0,S397,C5,4006,3
303,C0,S1766,C5,7843,1
326,C0,S26,C3,2409,7
326,C0,S1381,C3,6810,1
327,C0,S108,C3,2718,1
28,C0,S1525,C3,7199,1
1453,C0,S44,C2,2724,12
434,C0,S44,C2,856,44
437,C0,S44,C2,859,7
1455,C0,S44,C2,2726,4
379,C0,S44,C2,798,11
1502,C0,S44,C2,2907,25
318,C0,S26,C3,790,6
192,C0,S443,C3,5091,1
495,C0,S44,C2,918,2
496,C0,S44,C2,919,13
829,C40,S1083,C7,5964,1
875,C42,S198,C7,1574,7
877,C42,S198,C7,1577,12
834,C40,S198,C7,1481,13
830,C37,S199,C7,1469,9
507,C0,S119,C7,953,2
834,C40,S199,C7,2755,11
576,C20,S63,C7,1079,1
576,C20,S64,C7,2759,1
1564,C20,S62,C7,7621,1
855,C43,S198,C7,1532,12
1467,C17,S62,C7,2777,1
1468,C17,S62,C7,3721,1
1471,C16,S64,C7,2781,1
1471,C16,S63,C7,3059,2
562,C16,S63,C7,1055,8
568,C16,S63,C7,1062,11
700,C31,S183,C14,1233,7
1472,C16,S63,C7,2783,5
1474,C15,S63,C7,2788,7
1475,C15,S63,C7,2792,2
586,C0,S27,C3,1096,1
199,C0,S112,C9,455,1
870,C24,S183,C14,1563,5
1479,C31,S183,C14,2814,11
820,C24,S183,C14,1433,2
295,C0,S113,C10,613,18
813,C28,S183,C14,1423,53
246,C0,S110,C9,543,1
214,C0,S110,C9,480,2
1481,C34,S183,C14,2819,1
294,C0,S114,C10,612,28
255,C0,S114,C10,560,5
296,C0,S113,C10,615,25
1486,C0,S129,C2,2826,5
2153,C0,S20,C2,4897,1
194,C0,S409,C3,2827,2
789,C36,S418,C7,4924,1
871,C40,S202,C7,4761,3
32,C0,S405,C3,7095,1
196,C0,S26,C3,2828,5
194,C0,S412,C3,2833,5
196,C0,S46,C3,4018,2
472,C0,S44,C2,895,13
63,C0,S44,C2,148,16
223,C0,S119,C7,507,1
572,C0,S118,C7,1069,1
584,C0,S110,C9,1091,19
229,C4,S63,C7,2865,4
1496,C4,S63,C7,2866,5
1497,C4,S63,C7,2867,4
22,C0,S420,C3,2895,1
23,C0,S423,C3,2898,1
23,C0,S825,C3,5079,3
319,C0,S1632,C3,7490,1
23,C0,S61,C3,2905,1
1504,C0,S44,C2,2909,5
261,C3,S63,C7,568,19
1500,C5,S63,C7,2871,4
1500,C5,S62,C7,4730,3
524,C10,S62,C7,992,6
577,C21,S680,C7,7058,1
526,C10,S62,C7,3021,6
506,C0,S118,C7,2747,1
52,C0,S44,C2,137,3
71,C0,S44,C2,156,23
444,C0,S44,C2,866,13
1671,C63,S461,C2,3219,262
518,C7,S63,C7,971,15
230,C5,S63,C7,519,4
536,C11,S64,C7,6332,2
531,C3,S63,C7,1002,5
556,C15,S63,C7,1047,4
262,C3,S62,C7,2930,8
461,C0,S44,C2,883,28
487,C0,S44,C2,910,1
463,C0,S44,C2,885,24
394,C0,S44,C2,813,4
1523,C0,S44,C2,2945,5
1518,C0,S44,C2,2940,5
455,C0,S44,C2,877,54
421,C0,S44,C2,843,18
1526,C0,S44,C2,2948,7
728,C0,S130,C2,1266,37
1529,C0,S130,C2,2951,10
730,C0,S130,C2,1268,15
617,C0,S130,C2,1138,10
1528,C0,S130,C2,2950,19
731,C0,S130,C2,1269,36
1532,C0,S130,C2,2955,23
1533,C0,S130,C2,2956,6
1537,C0,S130,C2,2960,6
289,C0,S130,C2,606,52
290,C0,S130,C2,607,13
296,C0,S114,C10,616,21
2155,C0,S225,C4,5803,1
770,C0,S229,C16,3523,3
32,C0,S28,C3,105,12
32,C0,S26,C3,163,10
327,C0,S1660,C3,7576,1
24,C0,S1271,C3,6513,1
192,C0,S442,C3,2992,1
318,C0,S379,C3,2681,1
319,C0,S26,C3,680,10
385,C0,S44,C2,804,6
523,C0,S119,C7,989,1
196,C0,S38,C3,3002,1
196,C0,S444,C3,3003,1
1524,C0,S44,C2,2946,25
1522,C0,S44,C2,2944,2
442,C0,S44,C2,864,2
452,C0,S44,C2,874,14
454,C0,S44,C2,876,6
1791,C0,S44,C2,3366,6
2235,C0,S44,C2,5533,3
1667,C63,S461,C2,3214,67
415,C0,S44,C2,837,12
1726,C63,S461,C2,3280,101
1454,C0,S44,C2,2725,20
466,C0,S44,C2,888,25
2055,C0,S44,C2,4374,1
1909,C0,S44,C2,3874,11
462,C0,S44,C2,884,34
195,C0,S26,C3,444,9
1517,C0,S44,C2,2939,9
445,C0,S44,C2,867,8
197,C0,S1482,C3,7088,1
1485,C0,S113,C10,2825,2
270,C0,S114,C10,3015,1
254,C0,S115,C10,3017,9
200,C0,S677,C9,4563,1
241,C0,S110,C9,536,1
1299,C0,S243,C9,2161,25
200,C0,S446,C9,3018,1
548,C7,S64,C7,5212,1
256,C7,S64,C7,4043,1
561,C13,S63,C7,3728,3
510,C8,S62,C7,3023,1
516,C9,S62,C7,3883,2
1510,C11,S63,C7,2928,4
206,C0,S114,C10,3026,2
211,C0,S110,C9,476,12
244,C0,S111,C9,2879,3
210,C0,S110,C9,475,28
199,C0,S447,C9,3028,1
259,C3,S63,C7,564,13
1461,C6,S64,C7,2758,3
549,C12,S63,C7,1038,7
533,C11,S63,C7,1004,4
536,C11,S62,C7,1007,6
274,C0,S129,C2,591,4
294,C0,S115,C10,3085,2
1840,C0,S259,C10,3468,5
1568,C5,S63,C7,3109,2
563,C15,S63,C7,1057,2
1536,C0,S130,C2,2959,4
1571,C0,S130,C2,3112,4
1573,C62,S461,C2,3114,377
1574,C62,S461,C2,3115,55
1575,C63,S461,C2,3116,271
1578,C64,S461,C2,3119,14
1579,C62,S461,C2,3120,86
2003,C64,S461,C2,4272,3
1580,C63,S461,C2,3121,240
1646,C63,S461,C2,3193,137
1581,C0,S44,C2,3122,13
1583,C0,S44,C2,3124,4
1584,C0,S44,C2,3125,12
1587,C0,S44,C2,3128,7
1588,C0,S44,C2,3129,10
2013,C0,S44,C2,4282,3
1591,C0,S44,C2,3132,5
1595,C0,S44,C2,3136,1
1598,C0,S44,C2,3139,29
1601,C0,S44,C2,3142,4
1604,C0,S44,C2,3145,13
1586,C0,S44,C2,3127,18
1610,C62,S461,C2,3152,293
1611,C62,S461,C2,3153,6
1612,C65,S461,C2,3154,3
1617,C62,S461,C2,3159,23
953,C63,S461,C2,3163,433
1623,C62,S461,C2,3167,125
1632,C62,S461,C2,3177,125
1627,C62,S461,C2,3172,707
1685,C62,S461,C2,3235,112
1636,C62,S461,C2,3181,18
1637,C62,S461,C2,3182,13
130,C63,S461,C2,3183,5
1640,C62,S461,C2,3186,133
1645,C62,S461,C2,3192,38
1649,C0,S44,C2,3196,9
1650,C0,S44,C2,3197,11
1651,C0,S44,C2,3198,4
1652,C0,S44,C2,3199,18
1659,C0,S44,C2,3206,4
2011,C0,S44,C2,4280,3
1660,C0,S44,C2,3207,18
1662,C0,S44,C2,3209,6
1664,C63,S461,C2,3211,59
975,C63,S461,C2,3215,198
1668,C62,S461,C2,3216,13
1670,C64,S461,C2,3218,26
210,C64,S461,C2,4262,11
1673,C63,S461,C2,3222,41
1674,C64,S461,C2,3223,10
1675,C64,S461,C2,3224,27
1677,C63,S461,C2,3226,94
979,C63,S461,C2,3227,32
1679,C64,S461,C2,3229,121
1681,C62,S461,C2,3231,16
1682,C64,S461,C2,3232,21
1684,C64,S461,C2,3234,41
1680,C62,S461,C2,3230,95
1688,C62,S461,C2,3238,103
1690,C63,S461,C2,3240,70
1691,C63,S461,C2,3241,89
1692,C63,S461,C2,3242,600
1693,C62,S461,C2,3243,225
1626,C64,S461,C2,3170,75
1696,C62,S461,C2,3247,50
1698,C63,S461,C2,3249,442
1654,C0,S44,C2,3201,16
1702,C64,S461,C2,3253,81
1705,C66,S461,C2,3256,7
1707,C64,S461,C2,3258,180
1713,C65,S461,C2,3264,11
1714,C65,S461,C2,3265,17
161,C64,S461,C2,3267,61
1715,C62,S461,C2,3268,75
1716,C63,S461,C2,3269,50
1717,C66,S461,C2,3270,3
1718,C63,S461,C2,3271,32
1720,C62,S461,C2,3274,85
1723,C64,S461,C2,3277,31
1725,C63,S461,C2,3279,9
1081,C63,S461,C2,3171,59
1329,C0,S236,C2,2203,29
1728,C62,S461,C2,3282,21
1333,C0,S272,C12,3285,8
1731,C0,S236,C2,3287,62
1733,C0,S236,C2,3289,13
1113,C0,S236,C2,3290,16
1734,C0,S236,C2,3291,29
1738,C0,S236,C2,3295,26
1739,C0,S236,C2,3297,42
1744,C0,S236,C2,3303,2
1745,C0,S236,C2,3304,6
1761,C0,S236,C2,3324,11
1651,C0,S236,C2,3310,24
35,C0,S236,C2,3311,24
1752,C0,S236,C2,3313,32
1753,C0,S236,C2,3314,3
1754,C0,S236,C2,3315,48
1977,C0,S236,C2,4197,5
939,C0,S236,C2,1696,35
161,C0,S236,C2,1697,33
1333,C0,S270,C12,3284,6
1760,C0,S236,C2,3323,9
1763,C0,S236,C2,3327,15
1023,C0,S236,C2,1794,12
1770,C45,S246,C2,3336,3
1773,C47,S246,C2,3339,10
1963,C58,S246,C2,4152,11
1124,C57,S246,C2,1916,7
1347,C0,S272,C12,2238,14
1606,C0,S243,C9,3147,7
1781,C50,S246,C2,3353,7
1123,C57,S246,C2,1915,5
1126,C59,S246,C2,1918,19
1127,C59,S246,C2,1919,19
1128,C59,S246,C2,1920,10
1776,C47,S246,C2,3348,10
1778,C68,S246,C2,3350,3
1802,C46,S246,C2,3378,25
1771,C67,S246,C2,3337,7
1347,C0,S270,C12,3342,10
1101,C51,S246,C2,1891,29
1118,C48,S246,C2,1909,15
1779,C52,S246,C2,3351,5
1103,C52,S246,C2,1894,8
630,C52,S246,C2,1892,7
1115,C50,S246,C2,1906,23
1336,C0,S272,C12,6199,3
940,C0,S633,C17,4198,1
1782,C0,S44,C2,3356,19
1695,C0,S44,C2,3359,14
2307,C0,S44,C2,6308,1
1783,C0,S44,C2,3357,1
983,C0,S44,C2,1753,16
1069,C0,S44,C2,1856,39
1014,C0,S44,C2,1785,46
1080,C0,S44,C2,1870,38
964,C0,S44,C2,1732,16
1800,C0,S44,C2,3376,2
1796,C0,S44,C2,3372,33
1797,C0,S44,C2,3373,5
1794,C0,S44,C2,3369,1
995,C0,S44,C2,1765,15
1799,C0,S44,C2,3375,9
1093,C48,S246,C2,1883,17
1803,C48,S246,C2,3379,17
1293,C0,S244,C9,2155,6
944,C0,S240,C17,1707,2
947,C0,S239,C17,3390,1
1755,C0,S236,C2,3316,7
1804,C0,S236,C2,3394,13
1737,C0,S236,C2,3294,64
1741,C0,S236,C2,3299,14
1807,C0,S236,C2,3397,21
1809,C0,S236,C2,3399,15
1742,C0,S236,C2,3300,18
1187,C0,S258,C2,2000,8
1189,C0,S258,C2,2002,4
1263,C0,S258,C2,2111,23
1054,C0,S243,C9,1838,27
1844,C0,S260,C10,4113,1
1240,C0,S259,C10,2078,46
1844,C0,S259,C10,3476,2
2075,C0,S259,C10,4491,2
1817,C0,S259,C10,3417,5
1284,C0,S259,C10,2141,34
1284,C0,S260,C10,4248,3
1833,C0,S260,C10,4133,3
1821,C0,S259,C10,3423,1
1254,C0,S259,C10,2097,17
1301,C0,S244,C9,2164,7
1315,C0,S243,C9,2186,35
1827,C0,S259,C10,3433,17
1828,C0,S260,C10,3436,3
1828,C0,S259,C10,3435,17
1310,C0,S259,C10,2178,10
1829,C0,S260,C10,3439,1
1229,C0,S260,C10,5591,1
1830,C0,S248,C10,3440,9
1144,C0,S249,C10,3441,12
1131,C0,S249,C10,1925,7
1137,C60,S473,C17,3444,1
1139,C60,S468,C17,4228,1
2186,C61,S250,C17,5045,1
1135,C60,S639,C17,4243,1
1171,C0,S260,C10,3446,6
1237,C0,S260,C10,3448,5
1236,C0,S248,C10,2072,10
1946,C61,S250,C17,4104,1
1947,C61,S250,C17,4105,1
2213,C61,S250,C17,5285,1
1141,C60,S468,C17,3454,5
1216,C0,S255,C19,2039,11
1216,C0,S256,C19,3458,6
1165,C0,S248,C10,1974,46
1280,C0,S260,C10,4246,1
184,C0,S259,C10,3466,7
1841,C0,S259,C10,3469,15
1289,C0,S260,C10,3470,5
1290,C0,S259,C10,3471,13
1231,C0,S248,C10,2063,26
1233,C0,S249,C10,2067,16
1172,C0,S259,C10,1981,36
1847,C0,S259,C10,3480,9
1167,C0,S248,C10,1976,69
1167,C0,S249,C10,3482,4
1163,C0,S249,C10,1972,7
1164,C0,S249,C10,2061,4
1149,C0,S258,C2,1957,10
883,C28,S183,C14,1585,34
1851,C44,S198,C7,3487,1
873,C42,S200,C7,3488,1
824,C37,S197,C7,1456,8
872,C42,S198,C7,1570,11
839,C37,S201,C7,3833,4
837,C37,S478,C7,3508,1
829,C40,S214,C7,3505,1
833,C39,S197,C7,1478,5
755,C0,S193,C2,1301,1
786,C0,S193,C2,1374,2
1353,C0,S193,C2,2247,3
761,C36,S202,C7,3847,12
760,C35,S479,C7,3514,1
760,C35,S201,C7,1313,7
858,C38,S202,C7,3836,1
761,C36,S480,C7,3515,1
891,C0,S189,C15,2806,9
753,C0,S193,C2,1299,10
737,C0,S189,C15,1277,7
737,C0,S190,C15,3519,1
770,C0,S232,C16,4947,2
915,C0,S1334,C16,6652,1
1447,C0,S153,C11,2660,1
773,C0,S194,C16,2543,1
773,C0,S231,C16,4904,1
773,C0,S205,C16,2542,1
771,C0,S194,C16,3501,3
1853,C24,S183,C14,3540,3
658,C27,S183,C14,1188,5
831,C37,S202,C7,3541,3
859,C38,S201,C7,3550,1
832,C41,S197,C7,4913,3
832,C41,S201,C7,3542,2
749,C0,S194,C16,1304,2
1366,C0,S196,C16,6389,1
1373,C0,S20,C2,2366,6
1858,C0,S20,C2,3572,2
1371,C0,S20,C2,2364,2
7,C0,S20,C2,33,13
1859,C0,S20,C2,3573,1
887,C0,S189,C15,1595,19
720,C0,S151,C4,3577,1
35,C0,S20,C2,119,18
182,C0,S51,C3,367,2
182,C0,S52,C3,3582,3
177,C0,S50,C3,2520,1
190,C0,S51,C3,2703,4
90,C0,S53,C3,5334,1
90,C0,S50,C3,2704,3
95,C0,S51,C3,2452,2
96,C0,S1677,C3,7609,1
363,C0,S52,C3,2439,4
1390,C0,S153,C11,3619,1
151,C0,S506,C8,3628,1
327,C0,S26,C3,2978,2
308,C0,S1713,C5,7721,1
308,C0,S137,C5,641,2
303,C0,S160,C5,783,1
319,C0,S1631,C3,7489,1
320,C0,S26,C3,675,6
121,C0,S7,C1,260,2
122,C0,S15,C1,3664,1
122,C0,S67,C1,263,1
160,C0,S68,C2,334,5
1873,C0,S68,C2,3666,9
1874,C0,S68,C2,3670,2
1400,C0,S68,C2,2493,2
1391,C0,S68,C2,2481,5
1431,C0,S68,C2,2588,9
4,C0,S7,C1,28,3
334,C0,S42,C4,717,4
1445,C0,S42,C4,2634,3
481,C0,S44,C2,904,5
22,C0,S46,C3,3694,3
23,C0,S29,C3,2984,2
28,C0,S38,C3,3696,2
28,C0,S1102,C3,6004,1
23,C0,S1643,C3,7512,1
21,C0,S1314,C3,6599,2
2074,C0,S259,C10,4485,1
24,C0,S26,C3,2900,2
297,C0,S129,C2,617,1
194,C0,S38,C3,3706,1
360,C0,S52,C3,5054,1
21,C0,S539,C3,3710,1
22,C0,S424,C3,2903,2
21,C0,S437,C3,2982,2
22,C0,S61,C3,3711,4
22,C0,S542,C3,3715,1
227,C4,S62,C7,516,1
227,C4,S64,C7,4387,1
342,C0,S154,C11,748,6
226,C4,S62,C7,3106,1
532,C11,S62,C7,3088,3
526,C10,S64,C7,994,2
524,C10,S64,C7,4719,3
219,C0,S1218,C7,6344,1
115,C0,S44,C2,245,3
1498,C5,S63,C7,2868,4
497,C0,S121,C7,2873,1
499,C0,S118,C7,937,1
239,C0,S111,C9,534,2
241,C0,S111,C9,537,1
589,C0,S110,C9,1105,1
518,C7,S64,C7,4408,1
1892,C0,S130,C2,3781,2
1570,C0,S130,C2,3111,14
296,C0,S115,C10,3091,1
399,C0,S44,C2,819,2
1893,C0,S44,C2,3783,8
420,C0,S44,C2,842,5
1894,C0,S44,C2,3784,3
55,C0,S44,C2,140,2
427,C0,S44,C2,849,5
1457,C0,S44,C2,2732,4
1509,C0,S44,C2,2920,10
2134,C0,S44,C2,4694,2
205,C0,S114,C10,466,17
1897,C0,S113,C10,3788,2
215,C0,S117,C10,485,2
613,C0,S130,C2,1134,19
632,C0,S130,C2,2952,7
1538,C0,S130,C2,2961,6
711,C31,S183,C14,1244,3
689,C29,S183,C14,1222,2
1854,C39,S199,C7,3815,3
833,C39,S200,C7,3821,1
858,C38,S561,C7,3825,1
877,C42,S199,C7,4308,3
877,C42,S201,C7,5096,1
878,C44,S198,C7,2738,5
861,C38,S200,C7,3837,1
763,C35,S200,C7,1326,1
864,C38,S201,C7,3827,2
894,C0,S189,C15,1614,3
660,C23,S183,C14,1190,8
1905,C32,S183,C14,3856,1
275,C0,S129,C2,592,3
303,C0,S509,C5,3636,2
325,C0,S26,C3,3869,1
1895,C0,S44,C2,3785,6
435,C0,S44,C2,857,2
1880,C0,S44,C2,3700,2
525,C10,S64,C7,5099,2
1913,C0,S130,C2,3880,2
733,C0,S130,C2,1271,3
249,C0,S116,C9,4717,1
213,C0,S110,C9,479,3
1506,C9,S63,C7,2914,7
517,C9,S63,C7,970,5
206,C0,S113,C10,467,7
243,C0,S110,C9,540,2
244,C0,S1065,C9,6665,2
1531,C0,S130,C2,2954,1
770,C0,S196,C16,3499,1
774,C0,S208,C16,6180,1
912,C0,S229,C16,2308,1
31,C0,S920,C3,5428,1
31,C0,S26,C3,100,3
26,C0,S581,C3,3930,1
1386,C0,S50,C3,3941,1
190,C0,S53,C3,2420,1
188,C0,S17,C1,3964,1
18,C0,S20,C2,55,5
149,C0,S20,C2,3966,2
1411,C0,S20,C2,2525,13
148,C0,S68,C2,293,4
1397,C0,S68,C2,2490,10
139,C0,S68,C2,283,1
157,C0,S7,C1,2584,1
170,C0,S52,C3,3983,1
101,C0,S51,C3,3993,2
316,C0,S27,C3,667,16
326,C0,S28,C3,703,2
193,C0,S1321,C3,7514,1
194,C0,S1706,C3,7690,1
2136,C0,S44,C2,4696,3
195,C0,S610,C3,4019,2
195,C0,S1527,C3,7203,1
196,C0,S31,C3,4020,2
196,C0,S61,C3,4383,1
196,C0,S29,C3,5438,1
1929,C0,S44,C2,4024,5
194,C0,S405,C3,4026,2
193,C0,S29,C3,4029,4
1545,C0,S44,C2,2998,4
1930,C22,S63,C7,4037,1
261,C3,S62,C7,569,1
551,C14,S62,C7,1056,6
511,C8,S62,C7,4054,5
511,C8,S64,C7,3738,2
1336,C0,S270,C12,2229,10
1343,C0,S270,C12,2226,6
1344,C0,S463,C12,4061,1
1345,C0,S272,C12,4059,13
1774,C0,S849,C12,5157,1
1759,C0,S270,C12,3326,3
1344,C0,S270,C12,4178,3
1342,C0,S272,C12,5384,5
1344,C0,S272,C12,7268,2
1345,C0,S848,C12,5494,1
1340,C0,S270,C12,2221,8
1932,C0,S236,C2,4069,13
389,C0,S236,C2,4070,3
1326,C0,S236,C2,2200,8
1330,C0,S236,C2,2204,8
1933,C0,S236,C2,4071,14
1808,C0,S236,C2,3398,4
1019,C0,S236,C2,1790,12
1762,C0,S236,C2,3325,5
1937,C0,S236,C2,4079,7
1942,C0,S44,C2,4084,2
947,C0,S242,C17,4088,1
988,C0,S44,C2,1758,3
990,C0,S44,C2,1760,1
944,C0,S237,C17,1706,9
1789,C0,S44,C2,3364,4
976,C0,S44,C2,1746,20
1006,C0,S44,C2,1777,10
1624,C63,S461,C2,3168,21
1194,C0,S260,C10,2008,5
1835,C0,S259,C10,3462,8
1836,C0,S259,C10,3463,11
1837,C0,S259,C10,3464,13
1846,C0,S259,C10,3479,6
1225,C0,S259,C10,2055,10
1166,C0,S249,C10,4481,8
1143,C0,S249,C10,4098,1
1262,C0,S258,C2,2110,30
1183,C0,S258,C2,1996,9
1848,C0,S258,C2,3483,7
1274,C0,S258,C2,2131,14
1135,C60,S472,C17,4100,1
1141,C60,S251,C17,4102,1
1823,C0,S259,C10,3427,10
1952,C0,S259,C10,4112,8
1161,C0,S260,C10,5242,2
1829,C0,S259,C10,3438,17
1303,C0,S260,C10,2168,3
942,C0,S242,C17,5245,1
957,C0,S44,C2,1725,20
1074,C0,S623,C9,4125,2
1292,C0,S244,C9,3382,3
1294,C0,S244,C9,3381,3
1053,C0,S244,C9,1837,3
1060,C0,S244,C9,3413,1
1049,C0,S243,C9,1829,17
1055,C0,S625,C9,4129,1
1229,C0,S259,C10,2060,16
1833,C0,S259,C10,3449,28
1953,C0,S259,C10,4117,6
1288,C0,S260,C10,4134,2
1288,C0,S259,C10,2147,16
1958,C0,S260,C10,4135,4
1958,C0,S259,C10,4136,3
632,C0,S249,C10,1944,7
1230,C0,S248,C10,2062,9
1156,C0,S258,C2,1964,24
1959,C0,S259,C10,4139,5
1818,C0,S260,C10,3419,2
1820,C0,S260,C10,4142,1
1962,C0,S259,C10,4144,7
1254,C0,S260,C10,3425,3
1170,C0,S260,C10,3421,11
1213,C0,S255,C19,2033,3
2215,C51,S246,C2,5290,2
1986,C67,S246,C2,4219,9
1965,C45,S246,C2,4154,10
1966,C47,S246,C2,4155,7
1111,C55,S246,C2,1902,3
1968,C47,S246,C2,4157,4
1969,C53,S246,C2,4158,4
1971,C47,S246,C2,4160,3
1104,C52,S246,C2,1895,25
1972,C53,S246,C2,4161,8
1106,C55,S246,C2,1897,11
2161,C47,S246,C2,4981,3
1970,C50,S246,C2,4159,2
1299,C0,S244,C9,4164,2
1300,C0,S244,C9,2189,1
1825,C0,S259,C10,3429,5
1826,C0,S259,C10,3432,9
1974,C0,S258,C2,4168,11
1334,C0,S273,C12,4170,2
1337,C0,S629,C12,4172,1
1339,C0,S270,C12,4974,3
1346,C0,S272,C12,4182,3
1767,C0,S272,C12,4964,3
1337,C0,S273,C12,4177,2
1339,C0,S275,C12,7650,1
1759,C0,S275,C12,4185,1
1336,C0,S277,C12,7265,1
1337,C0,S463,C12,4189,1
1345,C0,S463,C12,7779,1
1332,C0,S272,C12,4192,14
1331,C0,S236,C2,2205,14
1764,C0,S236,C2,3328,9
1750,C0,S236,C2,3309,9
1751,C0,S236,C2,3312,13
940,C0,S634,C17,4201,1
948,C0,S238,C17,3388,5
947,C0,S238,C17,1733,1
1071,C0,S44,C2,1858,30
1302,C0,S635,C9,4215,1
1302,C0,S1541,C9,7255,1
1984,C45,S246,C2,4216,10
1772,C59,S246,C2,3338,6
408,C53,S246,C2,4217,3
1780,C52,S246,C2,3352,15
1775,C57,S246,C2,3347,3
1987,C59,S246,C2,4220,5
1314,C0,S243,C9,2185,1
1047,C0,S244,C9,1825,5
1054,C0,S244,C9,4224,2
1222,C0,S262,C17,2048,7
1162,C0,S248,C10,1970,18
1217,C0,S620,C10,4227,1
1271,C0,S637,C19,4233,1
1954,C0,S259,C10,4234,8
1177,C0,S259,C10,1988,6
1990,C0,S259,C10,4236,3
1238,C0,S260,C10,3450,1
1238,C0,S259,C10,2076,9
1317,C0,S243,C9,2190,15
1133,C60,S468,C17,4099,3
1818,C0,S259,C10,3418,10
1132,C60,S640,C17,4251,3
1138,C60,S640,C17,7248,1
1616,C0,S44,C2,3371,6
1798,C0,S44,C2,3374,10
1786,C0,S44,C2,3361,7
945,C0,S806,C17,4988,1
1248,C0,S259,C10,2091,18
1250,C0,S259,C10,2093,2
1709,C62,S461,C2,3260,23
1994,C62,S461,C2,4261,4
2038,C62,S461,C2,4332,10
1625,C62,S461,C2,3169,17
2166,C64,S461,C2,4996,12
1695,C62,S461,C2,3246,22
1996,C65,S461,C2,4264,2
1997,C66,S461,C2,4265,1
1620,C64,S461,C2,3164,40
1622,C62,S461,C2,3166,25
1615,C64,S461,C2,3157,24
1638,C66,S461,C2,3184,1
1999,C65,S461,C2,4267,3
1678,C63,S461,C2,3228,68
2002,C66,S461,C2,4271,1
1666,C63,S461,C2,3213,19
1393,C64,S461,C2,3272,8
1719,C62,S461,C2,3273,29
1721,C66,S461,C2,3275,2
1628,C62,S461,C2,3173,15
1629,C62,S461,C2,3174,44
1631,C62,S461,C2,3176,8
1998,C62,S461,C2,4266,6
1619,C62,S461,C2,3162,28
1676,C66,S461,C2,3225,4
1683,C64,S461,C2,3233,13
2009,C66,S461,C2,4278,3
2010,C63,S461,C2,4279,8
2012,C0,S44,C2,4281,12
1585,C0,S44,C2,3126,2
1594,C0,S44,C2,3135,3
